address_id;casualty_id;street;country_id;province_id;district_id
b6bbfee3-fac1-4fd2-994d-c6d6e0d1a4af;Dakota Customer;Carmel Meadow;Mandatory web-readiness;didactic Chips purple;bypass microchip
8262ac6d-77af-4828-99a5-d14bf742d234;PNG Skyway;Marcelo Plains;Toys contextually-based Sausages;National Soap;calculating Shoes
de02674d-ba3b-4782-9a64-bdb3e5cdb19d;invoice quantify Gorgeous;Norwood Stream;relationships deposit clicks-and-mortar;out-of-the-box payment calculating;payment boliviano Garden
561f7a24-2a29-4efa-9e3d-b430b8242d63;compelling generating;Renner Dale;open-source Montana;analyzer;regional Regional withdrawal
e24aeadb-0603-4ad3-ac44-1d5c6161fe1f;HTTP calculate;Becker Prairie;Grocery Soft;Qatar;Namibia
227a4c2b-956c-43e1-9623-3676a12fe6f4;Granite hour;Nikolas Islands;auxiliary;deposit;USB Seamless Ergonomic
7a8bcb6b-5c40-4933-bd11-8b3a09a316b7;web-enabled invoice;Pfeffer Ridge;payment Frozen;Program;Producer primary
3a9eacc1-81eb-43a1-8c7c-20781a96b4f8;application;Goldner Cliffs;Pants indigo;analyzing Investor leverage;platforms Auto bypassing
9c385367-d4e5-4dbc-862a-69c493f7bcee;Savings Barbados backing;Hayes Springs;calculate sensor Licensed;ivory payment;customized bluetooth
24581701-04d0-491b-8be5-4dc9a8902cf3;Gibraltar Implementation Regional;Nikolaus Bypass;Baht Bahraini;systematic;Networked explicit Handcrafted
