partner_id;name;description
f1778893-a999-42c6-b828-ac57c33aee46;Ball Research;structure Monaco
b280aab6-a413-4418-a68e-e55e4a93480a;Virginia system Infrastructure;Self-enabling wireless Car
5d0c5814-b179-474f-8867-f38804303e68;wireless Fish;Cambridgeshire invoice
9c29edd7-dd22-4582-8f7d-a725deb8b5fe;Account multi-state redundant;orchid Buckinghamshire
2fd8db82-0202-48b3-8849-7e71f98d404f;Account supply-chains Fresh;Ball Wooden
88092e93-1880-420b-9e2f-a9976c9ad60c;Dinar navigating Managed;Soft Home
42648e9b-ec84-4873-885b-1473817beb16;Massachusetts connect generating;hybrid Dinar
a0504849-8091-44cb-8da1-b0fce16f0f11;Berkshire Phased ivory;Armenia
28fdfb23-fd6c-42d1-8515-c938680a97c1;Bike Salad;Concrete
07024bec-09d1-408f-9f27-334079b98b6c;indexing;Dinar Markets indexing
