file_id;name;type;target;target_id;location
3974655c-c5f7-4ffa-9e76-452d24e1ef4b;haptic Checking;DOCUMENT;DISASTER;Brook Ergonomic Russian;Account haptic
1bd1e473-4d05-439c-ac72-027b2e03f397;hierarchy unleash Planner;VIDEO;DISASTER;invoice;Bike sexy
f66b1b2c-9639-496f-863d-4c9eea221a80;invoice Central;IMAGE;HAZARD;Graphic Cyprus;up International navigating
baabc384-0186-45b6-a855-8cb1ea6e3dd7;feed Rustic;VIDEO;DISASTER;Automotive Garden compress;plum Liaison
4bb2ec3b-7700-4d53-b34c-77e6725f437e;Namibia Shoes Incredible;OTHER;HAZARD;Pizza Officer program;Manager
21af200c-8b87-4f67-b25c-102abf1c8fe9;Customer open-source panel;VIDEO;DISASTER;Croatia;deliverables embrace Corporate
6721b7d7-3053-4322-a1e8-d9e9b160ae5b;up Salad payment;VIDEO;HAZARD;Utah;Frozen Nebraska
981d1fe2-a2eb-4387-8580-f5cb7bebce2e;Ball Omani Knolls;DOCUMENT;HAZARD;proactive;array
ecde3f57-7ece-4b47-b64a-ea667e49369f;24/7 Supervisor cross-platform;DOCUMENT;DISASTER;Officer vortals Reverse-engineered;Connecticut US
22a10087-9bed-4e37-b33e-813887329253;Cove drive;DOCUMENT;HAZARD;Kansas functionalities;Ohio
