ward_id;district_id;name;latitude;longitude;level
58d52f80-0a1e-4e6a-85d8-d1d25cbf37b3;Fish;override visualize;robust;task-force program Ohio;56609
39538d87-303b-4d03-9b1c-769e32e75849;networks;Branch;Pine;copying Jewelery;84288
ff615dc3-e84f-4eb8-ab74-c2f34b8115af;expedite Senior Rustic;backing;Account invoice payment;Clothing;81707
3973b1c3-1c03-49c8-b299-0aabc7a5df50;Loan plum haptic;invoice Kyat;input vertical Cross-platform;real-time Usability;54991
5c093037-5750-4687-8098-d2e17c15ceda;Organized;Frozen harness;Mandatory Samoa;copying Communications Cambridgeshire;52053
7e66cd88-e174-4d66-9139-b294925e3b90;Louisiana Mississippi;Reverse-engineered;hierarchy Electronics;Tenge Berkshire;86751
77f09260-2e9f-4fd0-8078-cfccbcd1b5f3;Borders invoice;data-warehouse;open-source 1080p HDD;Kip Public-key;15881
fb8be48f-581e-4c31-8822-c40ea41a42fc;redefine;De-engineered;wireless Portugal;Books;40213
467b790e-fcce-476b-b10b-b80973fc60b2;navigate Turkey Peso;monitor;withdrawal Practical;Internal Money Brunei;40378
eecb162f-c5c6-4ef5-8102-5b635112c0e3;synthesizing Ergonomic;Architect Tasty;partnerships Rubber Central;of;52226
